{"cameraMode":{"drawMode":0,"name":"Shaded","section":"Shading Mode"},"sceneLighting":true,"audioPlay":false,"sceneViewState":{"m_AlwaysRefresh":false,"showFog":true,"showSkybox":true,"showFlares":true,"showImageEffects":true,"showParticleSystems":true,"showVisualEffectGraphs":true,"m_FxEnabled":true},"in2DMode":false,"pivot":{"x":447.66351318359377,"y":188.83587646484376,"z":-3.5812759399414064},"rotation":{"x":-0.0007336605922318995,"y":0.9988435506820679,"z":-0.04528828710317612,"w":-0.016181714832782747},"size":160.9349365234375,"orthographic":true}